domain,agent_1,utility_1,agent_2,utility_2,nash,social_welfare,result,nash_distance,pareto_distance
domain00,AlphaBIU,0,MatrixAlienAgent,0,0,0,failed,1.053528313,0.937899109
domain00,AlphaBIU,0.952702903,TripleAgent,0.149920761,0.142829944,1.102623664,agreement,0.433976457,0.218814803
domain00,AlphaBIU,0.959480078,TheDiceHaggler2021,0.163682133,0.157049746,1.123162211,agreement,0.421621834,0.203946384
domain00,AlphaBIU,0,AortaBoa,0,0,0,failed,1.053528313,0.937899109
domain00,AlphaBIU,1,POMPFANAgent,0.363562757,0.363562757,1.363562757,agreement,0.245227135,0
domain00,AlphaBIU,0,GamblerAgent,0,0,0,failed,1.053528313,0.937899109
domain00,AlphaBIU,1,AgentFO,0.363562757,0.363562757,1.363562757,agreement,0.245227135,0
domain01,AlphaBIU,0.897795504,MatrixAlienAgent,0.875298132,0.785838728,1.773093637,agreement,0,0
domain01,AlphaBIU,0.897795504,TripleAgent,0.875298132,0.785838728,1.773093637,agreement,0,0
domain01,AlphaBIU,0.966157074,TheDiceHaggler2021,0.188927029,0.182533186,1.155084103,agreement,0.689767059,0.361051245
domain01,AlphaBIU,0.949831431,AortaBoa,0.741044064,0.703866944,1.690875496,agreement,0.143985737,1.11E-16
domain01,AlphaBIU,0,POMPFANAgent,0,0,0,failed,1.253867452,1.071392427
domain01,AlphaBIU,0.89497262,GamblerAgent,0.84692171,0.757971742,1.741894331,agreement,0.028516486,0.028516486
domain01,AlphaBIU,0.947964073,AgentFO,0.682642719,0.647120772,1.630606792,agreement,0.19908037,0.011896569
domain02,AlphaBIU,0.871529535,MatrixAlienAgent,0.811972601,0.707658104,1.683502136,agreement,0.219432959,1.57E-16
domain02,AlphaBIU,0.871529535,TripleAgent,0.811972601,0.707658104,1.683502136,agreement,0.219432959,1.57E-16
domain02,AlphaBIU,0.992929039,TheDiceHaggler2021,0.533588159,0.529815178,1.526517198,agreement,0.518074692,0.020578765
domain02,AlphaBIU,0,AortaBoa,0,0,0,failed,1.223363914,1.001804417
domain02,AlphaBIU,0,POMPFANAgent,0,0,0,failed,1.223363914,1.001804417
domain02,AlphaBIU,0.823921919,GamblerAgent,0.832437792,0.685863744,1.656359712,agreement,0.174856654,1.11E-16
domain02,AlphaBIU,1,AgentFO,0.552913973,0.552913973,1.552913973,agreement,0.505214825,1.11E-16
domain03,AlphaBIU,0.816686752,MatrixAlienAgent,0.619696158,0.506097642,1.43638291,agreement,0.294136696,0.027862383
domain03,AlphaBIU,0.816697205,TripleAgent,0.60448669,0.493682591,1.421183895,agreement,0.307510177,0.037861855
domain03,AlphaBIU,0.983445488,TheDiceHaggler2021,0.163897181,0.161183943,1.147342669,agreement,0.777182171,0.096644503
domain03,AlphaBIU,0,AortaBoa,0,0,0,failed,1.105240999,1.030044291
domain03,AlphaBIU,0,POMPFANAgent,0,0,0,failed,1.105240999,1.030044291
domain03,AlphaBIU,1,GamblerAgent,0.259113294,0.259113294,1.259113294,agreement,0.69851171,0
domain03,AlphaBIU,0.952772322,AgentFO,0.480989588,0.458273567,1.43376191,agreement,0.484302664,5.55E-17
domain04,AlphaBIU,0.953384002,MatrixAlienAgent,0.940420724,0.896582073,1.893804726,agreement,0.022417528,1.11E-16
domain04,AlphaBIU,0.965900537,TripleAgent,0.929644139,0.897943772,1.895544675,agreement,0.006036633,1.11E-16
domain04,AlphaBIU,0.953384002,TheDiceHaggler2021,0.940420724,0.896582073,1.893804726,agreement,0.022417528,1.11E-16
domain04,AlphaBIU,0.979135316,AortaBoa,0.803146603,0.786389203,1.782281919,agreement,0.124050066,0.008945573
domain04,AlphaBIU,0,POMPFANAgent,0,0,0,failed,1.342632705,1.211508008
domain04,AlphaBIU,0.953384002,GamblerAgent,0.940420724,0.896582073,1.893804726,agreement,0.022417528,1.11E-16
domain04,AlphaBIU,0.96987345,AgentFO,0.843534403,0.818121622,1.813407853,agreement,0.083426942,0.044335128
domain05,AlphaBIU,0.929855462,MatrixAlienAgent,0.714772113,0.664634753,1.644627575,agreement,1.11E-16,1.11E-16
domain05,AlphaBIU,0.929855462,TripleAgent,0.714772113,0.664634753,1.644627575,agreement,1.11E-16,1.11E-16
domain05,AlphaBIU,0.995958112,TheDiceHaggler2021,0.337548967,0.336184632,1.333507079,agreement,0.382971098,0.020293264
domain05,AlphaBIU,0,AortaBoa,0,0,0,failed,1.172830062,0.882208648
domain05,AlphaBIU,0,POMPFANAgent,0,0,0,failed,1.172830062,0.882208648
domain05,AlphaBIU,0.831682843,GamblerAgent,0.686710885,0.571125661,1.518393728,agreement,0.102104337,0.102104337
domain05,AlphaBIU,0.929855462,AgentFO,0.714772113,0.664634753,1.644627575,agreement,1.11E-16,1.11E-16
domain06,AlphaBIU,0.816150436,MatrixAlienAgent,1,0.816150436,1.816150436,agreement,1.11E-16,1.11E-16
domain06,AlphaBIU,0.925684693,TripleAgent,0.876569313,0.811426795,1.802254006,agreement,0.165023901,1.11E-16
domain06,AlphaBIU,0.991740925,TheDiceHaggler2021,0.573189102,0.56845509,1.564930027,agreement,0.461518756,1.11E-16
domain06,AlphaBIU,0.947177682,AortaBoa,0.705371924,0.668112544,1.652549606,agreement,0.322449752,0.079016379
domain06,AlphaBIU,0,POMPFANAgent,0,0,0,failed,1.290775555,1.083212927
domain06,AlphaBIU,0.968661213,GamblerAgent,0.789002559,0.764276176,1.757663772,agreement,0.260344881,2.22E-16
domain06,AlphaBIU,0.968661213,AgentFO,0.789002559,0.764276176,1.757663772,agreement,0.260344881,2.22E-16
domain07,AlphaBIU,0,MatrixAlienAgent,0,0,0,failed,1.088346012,0.931531234
domain07,AlphaBIU,1,TripleAgent,0.244090312,0.244090312,1.244090312,agreement,0.701781612,1.14E-16
domain07,AlphaBIU,0,TheDiceHaggler2021,0,0,0,failed,1.088346012,0.931531234
domain07,AlphaBIU,0,AortaBoa,0,0,0,failed,1.088346012,0.931531234
domain07,AlphaBIU,0,POMPFANAgent,0,0,0,failed,1.088346012,0.931531234
domain07,AlphaBIU,0,GamblerAgent,0,0,0,failed,1.088346012,0.931531234
domain07,AlphaBIU,0.904944433,AgentFO,0.382469848,0.34611396,1.287414281,agreement,0.53511872,0.006420772
domain08,AlphaBIU,0.912755476,MatrixAlienAgent,0.821842325,0.750141083,1.734597802,agreement,1.11E-16,1.11E-16
domain08,AlphaBIU,0.912755476,TripleAgent,0.821842325,0.750141083,1.734597802,agreement,1.11E-16,1.11E-16
domain08,AlphaBIU,0.996016119,TheDiceHaggler2021,0.478354858,0.476449149,1.474370977,agreement,0.353434541,5.55E-17
domain08,AlphaBIU,0,AortaBoa,0,0,0,failed,1.228229363,0.986022452
domain08,AlphaBIU,0,POMPFANAgent,0,0,0,failed,1.228229363,0.986022452
domain08,AlphaBIU,0.890303919,GamblerAgent,0.695025784,0.618784179,1.585329703,agreement,0.128788616,0.03423706
domain08,AlphaBIU,0.981342925,AgentFO,0.570710427,0.56006264,1.552053352,agreement,0.260329538,0
domain09,AlphaBIU,0.822887611,MatrixAlienAgent,0.431166855,0.354801864,1.254054467,agreement,0.180775942,1.11E-16
domain09,AlphaBIU,1,TripleAgent,0.097060046,0.097060046,1.097060046,agreement,0.554831069,1.39E-17
domain09,AlphaBIU,1,TheDiceHaggler2021,0.097060046,0.097060046,1.097060046,agreement,0.554831069,1.39E-17
domain09,AlphaBIU,0,AortaBoa,0,0,0,failed,0.990040702,0.826876812
domain09,AlphaBIU,0,POMPFANAgent,0,0,0,failed,0.990040702,0.826876812
domain09,AlphaBIU,1,GamblerAgent,0.097060046,0.097060046,1.097060046,agreement,0.554831069,1.39E-17
domain09,AlphaBIU,0.855063986,AgentFO,0.421716786,0.360594836,1.276780771,agreement,0.199417609,5.55E-17
domain10,AlphaBIU,0.902102048,MatrixAlienAgent,0.914040516,0.824557821,1.816142564,agreement,0.072255562,0
domain10,AlphaBIU,0.956004356,TripleAgent,0.865921834,0.827825046,1.821926191,agreement,0,0
domain10,AlphaBIU,0.932945129,TheDiceHaggler2021,0.648008031,0.604555935,1.580953159,agreement,0.21913045,0.055204999
domain10,AlphaBIU,0.889021446,AortaBoa,0.602588594,0.535714183,1.49161004,agreement,0.271718799,0.108599304
domain10,AlphaBIU,0,POMPFANAgent,0,0,0,failed,1.28987013,1.143263367
domain10,AlphaBIU,0.902102048,GamblerAgent,0.914040516,0.824557821,1.816142564,agreement,0.072255562,0
domain10,AlphaBIU,0.966316638,AgentFO,0.808138755,0.780917924,1.774455392,agreement,0.05869606,0.013226729
domain11,AlphaBIU,0.876344282,MatrixAlienAgent,0.934249901,0.818724558,1.810594182,agreement,0.014093415,1.57E-16
domain11,AlphaBIU,0.912395207,TripleAgent,0.851045055,0.77648943,1.763440263,agreement,0.104620592,1.57E-16
domain11,AlphaBIU,0.934763923,TheDiceHaggler2021,0.689265095,0.644300144,1.624029017,agreement,0.265214236,0.035323977
domain11,AlphaBIU,0,AortaBoa,0,0,0,failed,1.284504479,1.058577347
domain11,AlphaBIU,0,POMPFANAgent,0,0,0,failed,1.284504479,1.058577347
domain11,AlphaBIU,0.912395207,GamblerAgent,0.851045055,0.77648943,1.763440263,agreement,0.104620592,1.57E-16
domain11,AlphaBIU,0.921504518,AgentFO,0.706148013,0.650718584,1.627652531,agreement,0.245715206,0.027730914
domain12,AlphaBIU,0.866205735,MatrixAlienAgent,0.904924883,0.783851123,1.771130618,agreement,1.11E-16,1.11E-16
domain12,AlphaBIU,0.866205735,TripleAgent,0.904924883,0.783851123,1.771130618,agreement,1.11E-16,1.11E-16
domain12,AlphaBIU,0.866205735,TheDiceHaggler2021,0.904924883,0.783851123,1.771130618,agreement,1.11E-16,1.11E-16
domain12,AlphaBIU,0,AortaBoa,0,0,0,failed,1.2526777,1.072048316
domain12,AlphaBIU,0,POMPFANAgent,0,0,0,failed,1.2526777,1.072048316
domain12,AlphaBIU,0.866205735,GamblerAgent,0.904924883,0.783851123,1.771130618,agreement,1.11E-16,1.11E-16
domain12,AlphaBIU,0.9142502,AgentFO,0.540213041,0.493889881,1.454463241,agreement,0.367862744,0.063180538
domain13,AlphaBIU,0.836501881,MatrixAlienAgent,0.455401488,0.380944201,1.291903369,agreement,0.363841718,1.24E-16
domain13,AlphaBIU,0.897446752,TripleAgent,0.193488699,0.173645804,1.090935451,agreement,0.618489944,0.080705538
domain13,AlphaBIU,0.976478905,TheDiceHaggler2021,0.357264636,0.34886138,1.333743541,agreement,0.529561596,0
domain13,AlphaBIU,0,AortaBoa,0,0,0,failed,0.963727928,0.835534659
domain13,AlphaBIU,0,POMPFANAgent,0,0,0,failed,0.963727928,0.835534659
domain13,AlphaBIU,0,GamblerAgent,0,0,0,failed,0.963727928,0.835534659
domain13,AlphaBIU,0.873925657,AgentFO,0.369842247,0.323214628,1.243767904,agreement,0.454972532,0
domain14,AlphaBIU,0.811967536,MatrixAlienAgent,0.780520057,0.633756947,1.592487593,agreement,1.11E-16,1.11E-16
domain14,AlphaBIU,0.816313018,TripleAgent,0.740868567,0.604780655,1.557181584,agreement,0.039888894,1.11E-16
domain14,AlphaBIU,0.951592182,TheDiceHaggler2021,0.580207586,0.552121003,1.531799768,agreement,0.244172332,0.046969139
domain14,AlphaBIU,0,AortaBoa,0,0,0,failed,1.126278313,1.098959536
domain14,AlphaBIU,0,POMPFANAgent,0,0,0,failed,1.126278313,1.098959536
domain14,AlphaBIU,0.811967536,GamblerAgent,0.780520057,0.633756947,1.592487593,agreement,1.11E-16,1.11E-16
domain14,AlphaBIU,0.958134918,AgentFO,0.626718796,0.600481162,1.584853714,agreement,0.212178537,1.11E-16
domain15,AlphaBIU,0,MatrixAlienAgent,0,0,0,failed,0.900007407,0.86306875
domain15,AlphaBIU,1,TripleAgent,0.158238866,0.158238866,1.158238866,agreement,0.621089551,2.78E-17
domain15,AlphaBIU,0.937228142,TheDiceHaggler2021,0.212678575,0.199328346,1.149906717,agreement,0.539934426,0.03531025
domain15,AlphaBIU,0,AortaBoa,0,0,0,failed,0.900007407,0.86306875
domain15,AlphaBIU,0,POMPFANAgent,0,0,0,failed,0.900007407,0.86306875
domain15,AlphaBIU,0,GamblerAgent,0,0,0,failed,0.900007407,0.86306875
domain15,AlphaBIU,0.857580943,AgentFO,0.362498769,0.310872036,1.220079712,agreement,0.372522338,1.24E-16
domain16,AlphaBIU,0.853823929,MatrixAlienAgent,0.745613671,0.636622794,1.5994376,agreement,1.11E-16,1.11E-16
domain16,AlphaBIU,0.853823929,TripleAgent,0.745613671,0.636622794,1.5994376,agreement,1.11E-16,1.11E-16
domain16,AlphaBIU,0.906971616,TheDiceHaggler2021,0.354724547,0.321725096,1.261696163,agreement,0.394485721,0.113969796
domain16,AlphaBIU,0,AortaBoa,0,0,0,failed,1.133558577,1.011251082
domain16,AlphaBIU,0,POMPFANAgent,0,0,0,failed,1.133558577,1.011251082
domain16,AlphaBIU,0.853823929,GamblerAgent,0.745613671,0.636622794,1.5994376,agreement,1.11E-16,1.11E-16
domain16,AlphaBIU,0.998574805,AgentFO,0.514600576,0.51386717,1.513175381,agreement,0.272616703,1.57E-16
domain17,AlphaBIU,0.822340971,MatrixAlienAgent,0.782013568,0.643081797,1.604354539,agreement,0.202247324,0.050721603
domain17,AlphaBIU,0.845239277,TripleAgent,0.691482148,0.584467871,1.536721425,agreement,0.295530632,0
domain17,AlphaBIU,0.944484307,TheDiceHaggler2021,0.313997179,0.296565408,1.258481486,agreement,0.685774438,0.017324867
domain17,AlphaBIU,0,AortaBoa,0,0,0,failed,1.237406,1.011108014
domain17,AlphaBIU,0,POMPFANAgent,0,0,0,failed,1.237406,1.011108014
domain17,AlphaBIU,0.836567565,GamblerAgent,0.660559909,0.552602994,1.497127474,agreement,0.323202513,0.032115159
domain17,AlphaBIU,0.925149422,AgentFO,0.634625295,0.587123225,1.559774717,agreement,0.377513875,1.11E-16
domain18,AlphaBIU,0.905353515,MatrixAlienAgent,0.65183712,0.590143027,1.557190635,agreement,0.384615255,1.11E-16
domain18,AlphaBIU,0.974034855,TripleAgent,0.630825037,0.614445573,1.604859892,agreement,0.436083553,0
domain18,AlphaBIU,0.935099564,TheDiceHaggler2021,0.353743662,0.330785544,1.288843225,agreement,0.674512245,0.223771225
domain18,AlphaBIU,0,AortaBoa,0,0,0,failed,1.245166974,1.115596978
domain18,AlphaBIU,0,POMPFANAgent,0,0,0,failed,1.245166974,1.115596978
domain18,AlphaBIU,0.905353515,GamblerAgent,0.65183712,0.590143027,1.557190635,agreement,0.384615255,1.11E-16
domain18,AlphaBIU,0.974034855,AgentFO,0.630825037,0.614445573,1.604859892,agreement,0.436083553,0
domain19,AlphaBIU,0.887284658,MatrixAlienAgent,0.941614709,0.835480285,1.828899367,agreement,1.57E-16,1.57E-16
domain19,AlphaBIU,0.922647557,TripleAgent,0.857972974,0.791606668,1.780620531,agreement,0.090810101,0
domain19,AlphaBIU,0.854917193,TheDiceHaggler2021,0.838816189,0.717118382,1.693733382,agreement,0.107773784,0.070387389
domain19,AlphaBIU,0.960963354,AortaBoa,0.700525296,0.673179138,1.66148865,agreement,0.25209652,0.079952595
domain19,AlphaBIU,0,POMPFANAgent,0,0,0,failed,1.293797636,1.086326759
domain19,AlphaBIU,1,GamblerAgent,0.770300347,0.770300347,1.770300347,agreement,0.205069157,1.11E-16
domain19,AlphaBIU,0.993330819,AgentFO,0.803323816,0.797966304,1.796654635,agreement,0.174270363,0
domain20,AlphaBIU,0.914868433,MatrixAlienAgent,0.796540103,0.728729396,1.711408536,agreement,1.11E-16,1.11E-16
domain20,AlphaBIU,0.914868433,TripleAgent,0.796540103,0.728729396,1.711408536,agreement,1.11E-16,1.11E-16
domain20,AlphaBIU,0.914873707,TheDiceHaggler2021,0.187589521,0.171620721,1.102463228,agreement,0.608950582,0.269107259
domain20,AlphaBIU,0,AortaBoa,0,0,0,failed,1.213037668,0.883439178
domain20,AlphaBIU,0,POMPFANAgent,0,0,0,failed,1.213037668,0.883439178
domain20,AlphaBIU,0.997167868,GamblerAgent,0.704272725,0.702278131,1.701440593,agreement,0.123638449,1.57E-16
domain20,AlphaBIU,0.955627775,AgentFO,0.577477037,0.551853095,1.533104811,agreement,0.222822689,0.133426856
domain21,AlphaBIU,0.825304971,MatrixAlienAgent,1,0.825304971,1.825304971,agreement,0.13419269,0
domain21,AlphaBIU,0.923589006,TripleAgent,0.908633012,0.83920346,1.832222017,agreement,0,0
domain21,AlphaBIU,0.914654732,TheDiceHaggler2021,0.233809808,0.213855247,1.14846454,agreement,0.674882344,0.139526066
domain21,AlphaBIU,0,AortaBoa,0,0,0,failed,1.295619775,1.011398896
domain21,AlphaBIU,0,POMPFANAgent,0,0,0,failed,1.295619775,1.011398896
domain21,AlphaBIU,0.923589006,GamblerAgent,0.908633012,0.83920346,1.832222017,agreement,0,0
domain21,AlphaBIU,0.923589006,AgentFO,0.908633012,0.83920346,1.832222017,agreement,0,0
domain22,AlphaBIU,0.769774466,MatrixAlienAgent,0.889203264,0.684485967,1.65897773,agreement,1.11E-16,1.11E-16
domain22,AlphaBIU,0.849000059,TripleAgent,0.763044948,0.647825206,1.612045008,agreement,0.14897186,1.11E-16
domain22,AlphaBIU,0,TheDiceHaggler2021,0,0,0,failed,1.176110187,0.945043265
domain22,AlphaBIU,0,AortaBoa,0,0,0,failed,1.176110187,0.945043265
domain22,AlphaBIU,0,POMPFANAgent,0,0,0,failed,1.176110187,0.945043265
domain22,AlphaBIU,0.891948714,GamblerAgent,0.730064512,0.651180102,1.622013226,agreement,0.200628236,1.11E-16
domain22,AlphaBIU,0.877825752,AgentFO,0.360465329,0.316425748,1.23829108,agreement,0.53966553,0.126851059
domain23,AlphaBIU,0.768675566,MatrixAlienAgent,0.421155645,0.323732054,1.189831211,agreement,0.518966198,0.061088187
domain23,AlphaBIU,0.804067884,TripleAgent,0.679098349,0.546041173,1.483166234,agreement,0.292461918,0
domain23,AlphaBIU,0,TheDiceHaggler2021,0,0,0,failed,1.129070475,0.933039708
domain23,AlphaBIU,0,AortaBoa,0,0,0,failed,1.129070475,0.933039708
domain23,AlphaBIU,0,POMPFANAgent,0,0,0,failed,1.129070475,0.933039708
domain23,AlphaBIU,1,GamblerAgent,0.172958794,0.172958794,1.172958794,agreement,0.831438701,0
domain23,AlphaBIU,0.842559558,AgentFO,0.419426805,0.353392063,1.261986363,agreement,0.542739941,1.11E-16
domain24,AlphaBIU,0.835027227,MatrixAlienAgent,0.909669582,0.759598869,1.744696809,agreement,1.11E-16,1.11E-16
domain24,AlphaBIU,0.893726272,TripleAgent,0.792985113,0.708711629,1.686711385,agreement,0.130617163,1.11E-16
domain24,AlphaBIU,0.982806946,TheDiceHaggler2021,0.465369472,0.45736835,1.448176418,agreement,0.468232243,0.099285616
domain24,AlphaBIU,0,AortaBoa,0,0,0,failed,1.234815459,1.144705149
domain24,AlphaBIU,0,POMPFANAgent,0,0,0,failed,1.234815459,1.144705149
domain24,AlphaBIU,0.893726272,GamblerAgent,0.792985113,0.708711629,1.686711385,agreement,0.130617163,1.11E-16
domain24,AlphaBIU,0.941300955,AgentFO,0.679839587,0.639933652,1.621140542,agreement,0.25321124,1.11E-16
domain25,AlphaBIU,0.919463493,MatrixAlienAgent,0.947979243,0.871632306,1.867442736,agreement,1.11E-16,1.11E-16
domain25,AlphaBIU,0.931802464,TripleAgent,0.898976118,0.837668162,1.830778582,agreement,0.050532726,1.11E-16
domain25,AlphaBIU,0.962354003,TheDiceHaggler2021,0.616182956,0.592986134,1.578536959,agreement,0.334556979,0.03187899
domain25,AlphaBIU,0.961888421,AortaBoa,0.701298833,0.674571227,1.663187254,agreement,0.250302016,1.11E-16
domain25,AlphaBIU,0,POMPFANAgent,0,0,0,failed,1.320635362,0.967531723
domain25,AlphaBIU,0.950535172,GamblerAgent,0.871781709,0.828659177,1.822316881,agreement,0.082289206,1.57E-16
domain25,AlphaBIU,0.95080601,AgentFO,0.833002564,0.792023845,1.783808575,agreement,0.119172103,0
domain26,AlphaBIU,0.926796331,MatrixAlienAgent,0.524919768,0.486493715,1.451716099,agreement,0.352854971,1.11E-16
domain26,AlphaBIU,1,TripleAgent,0.303504668,0.303504668,1.303504668,agreement,0.571386539,5.55E-17
domain26,AlphaBIU,0.946297551,TheDiceHaggler2021,0.276986494,0.262111641,1.223284044,agreement,0.566302639,0.042565662
domain26,AlphaBIU,0,AortaBoa,0,0,0,failed,1.03156741,0.902282697
domain26,AlphaBIU,0,POMPFANAgent,0,0,0,failed,1.03156741,0.902282697
domain26,AlphaBIU,0.903750732,GamblerAgent,0.348756495,0.315188937,1.252507226,agreement,0.482964004,0.041266549
domain26,AlphaBIU,0.907430572,AgentFO,0.433164017,0.393066271,1.340594589,agreement,0.412137118,0.093777132
domain27,AlphaBIU,0.986516814,MatrixAlienAgent,0.709667365,0.700098788,1.696184179,agreement,0,0
domain27,AlphaBIU,0.986516814,TripleAgent,0.709667365,0.700098788,1.696184179,agreement,0,0
domain27,AlphaBIU,0.996087557,TheDiceHaggler2021,0.59058949,0.588278842,1.586677046,agreement,0.119461874,0
domain27,AlphaBIU,0,AortaBoa,0,0,0,failed,1.215254374,0.992246882
domain27,AlphaBIU,0,POMPFANAgent,0,0,0,failed,1.215254374,0.992246882
domain27,AlphaBIU,0.986516814,GamblerAgent,0.709667365,0.700098788,1.696184179,agreement,0,0
domain27,AlphaBIU,0.930335996,AgentFO,0.640585564,0.595959809,1.57092156,agreement,0.089042571,0.082600697
domain28,AlphaBIU,0.828310129,MatrixAlienAgent,0.532824994,0.441344339,1.361135123,agreement,0.248923533,0.018109344
domain28,AlphaBIU,0.831570755,TripleAgent,0.642497324,0.534281985,1.47406808,agreement,0.155245908,1.11E-16
domain28,AlphaBIU,0.961673208,TheDiceHaggler2021,0.273108594,0.262641218,1.234781802,agreement,0.540392343,0.064693413
domain28,AlphaBIU,0,AortaBoa,0,0,0,failed,1.058728915,0.981449107
domain28,AlphaBIU,0,POMPFANAgent,0,0,0,failed,1.058728915,0.981449107
domain28,AlphaBIU,0.816849401,GamblerAgent,0.653043892,0.533438512,1.469893293,agreement,0.137868077,1.57E-16
domain28,AlphaBIU,0.933102527,AgentFO,0.500457712,0.466978355,1.433560239,agreement,0.329693358,0.031407815
domain29,AlphaBIU,0.80232693,MatrixAlienAgent,0.84014585,0.67407164,1.64247278,agreement,0.180001379,0
domain29,AlphaBIU,0.967316145,TripleAgent,0.768180196,0.743073105,1.73549634,agreement,1.11E-16,1.11E-16
domain29,AlphaBIU,0.975963085,TheDiceHaggler2021,0.63913172,0.623768965,1.615094805,agreement,0.129337847,0.034627035
domain29,AlphaBIU,0,AortaBoa,0,0,0,failed,1.235233313,1.038993802
domain29,AlphaBIU,0,POMPFANAgent,0,0,0,failed,1.235233313,1.038993802
domain29,AlphaBIU,0.990548713,GamblerAgent,0.710947074,0.704227709,1.701495787,agreement,0.061768782,0.030334878
domain29,AlphaBIU,0.992134478,AgentFO,0.741240476,0.735410233,1.733374954,agreement,0.036629198,0
domain30,AlphaBIU,0.826283147,MatrixAlienAgent,0.758964159,0.627119294,1.585247306,agreement,0.155531251,1.11E-16
domain30,AlphaBIU,0.84867386,TripleAgent,0.751855191,0.638079847,1.600529051,agreement,0.13264022,0
domain30,AlphaBIU,0.949890074,TheDiceHaggler2021,0.292979062,0.278297903,1.242869136,agreement,0.389353338,0.161385841
domain30,AlphaBIU,0,AortaBoa,0,0,0,failed,1.178929188,1.017404292
domain30,AlphaBIU,0,POMPFANAgent,0,0,0,failed,1.178929188,1.017404292
domain30,AlphaBIU,0.962856779,GamblerAgent,0.668413134,0.643586117,1.631269913,agreement,0.013809521,1.11E-16
domain30,AlphaBIU,0.961526837,AgentFO,0.682158465,0.655913671,1.643685302,agreement,1.11E-16,1.11E-16
domain31,AlphaBIU,0.786990644,MatrixAlienAgent,0.592685218,0.466437722,1.379675862,agreement,0.134767927,0
domain31,AlphaBIU,0.837249564,TripleAgent,0.574711095,0.481176613,1.411960659,agreement,0.170831638,1.57E-16
domain31,AlphaBIU,0.907215969,TheDiceHaggler2021,0.235845226,0.213962555,1.143061195,agreement,0.511111288,0.103757781
domain31,AlphaBIU,0,AortaBoa,0,0,0,failed,1.043303537,0.929977576
domain31,AlphaBIU,0,POMPFANAgent,0,0,0,failed,1.043303537,0.929977576
domain31,AlphaBIU,1,GamblerAgent,0.282286595,0.282286595,1.282286595,agreement,0.505485996,0
domain31,AlphaBIU,0.934593277,AgentFO,0.561631298,0.524896835,1.496224575,agreement,0.243419808,0
domain32,AlphaBIU,0.897879214,MatrixAlienAgent,0.950663518,0.853581012,1.848542732,agreement,1.57E-16,1.57E-16
domain32,AlphaBIU,0.897879214,TripleAgent,0.950663518,0.853581012,1.848542732,agreement,1.57E-16,1.57E-16
domain32,AlphaBIU,0.91799253,TheDiceHaggler2021,0.285291191,0.261895182,1.203283721,agreement,0.665676257,0.319290356
domain32,AlphaBIU,0.957001732,AortaBoa,0.043232031,0.041373129,1.000233763,agreement,0.909355473,0.552314606
domain32,AlphaBIU,0,POMPFANAgent,0,0,0,failed,1.307649879,1.163048584
domain32,AlphaBIU,0.968069578,GamblerAgent,0.78069681,0.755768831,1.748766388,agreement,0.183889557,1.11E-16
domain32,AlphaBIU,0.968069578,AgentFO,0.78069681,0.755768831,1.748766388,agreement,0.183889557,1.11E-16
domain33,AlphaBIU,0.958321669,MatrixAlienAgent,0.953058293,0.913336414,1.911379962,agreement,1.11E-16,1.11E-16
domain33,AlphaBIU,0.958321669,TripleAgent,0.953058293,0.913336414,1.911379962,agreement,1.11E-16,1.11E-16
domain33,AlphaBIU,0.958321669,TheDiceHaggler2021,0.953058293,0.913336414,1.911379962,agreement,1.11E-16,1.11E-16
domain33,AlphaBIU,0.973651075,AortaBoa,0.765774325,0.745596995,1.7394254,agreement,0.187910286,0.014721173
domain33,AlphaBIU,0,POMPFANAgent,0,0,0,failed,1.351554857,1.117988663
domain33,AlphaBIU,0.956144523,GamblerAgent,0.91891128,0.878611988,1.875055804,agreement,0.034216348,0.024985297
domain33,AlphaBIU,0.974762618,AgentFO,0.826504223,0.805645419,1.80126684,agreement,0.127617544,0.04581352
domain34,AlphaBIU,0.793605607,MatrixAlienAgent,0.681150722,0.540565032,1.474756329,agreement,0.115728868,0.092367738
domain34,AlphaBIU,0.88576497,TripleAgent,0.687351589,0.608831959,1.573116558,agreement,0.024560433,1.11E-16
domain34,AlphaBIU,0.925124643,TheDiceHaggler2021,0.269497501,0.24931878,1.194622145,agreement,0.411243908,0.048198713
domain34,AlphaBIU,0,AortaBoa,0,0,0,failed,1.135729355,0.959812049
domain34,AlphaBIU,0,POMPFANAgent,0,0,0,failed,1.135729355,0.959812049
domain34,AlphaBIU,0.909332281,GamblerAgent,0.680438073,0.618744305,1.589770353,agreement,1.11E-16,1.11E-16
domain34,AlphaBIU,0.874371812,AgentFO,0.526336257,0.460213587,1.40070807,agreement,0.158017733,0.158017733
domain35,AlphaBIU,0,MatrixAlienAgent,0,0,0,failed,1.055819127,0.819362274
domain35,AlphaBIU,0.864798278,TripleAgent,0.605704521,0.523812227,1.470502799,agreement,0,0
domain35,AlphaBIU,0.990658888,TheDiceHaggler2021,0.07113556,0.070471075,1.061794448,agreement,0.549185641,0.016299648
domain35,AlphaBIU,0,AortaBoa,0,0,0,failed,1.055819127,0.819362274
domain35,AlphaBIU,0,POMPFANAgent,0,0,0,failed,1.055819127,0.819362274
domain35,AlphaBIU,0.990658888,GamblerAgent,0.07113556,0.070471075,1.061794448,agreement,0.549185641,0.016299648
domain35,AlphaBIU,0.864798278,AgentFO,0.605704521,0.523812227,1.470502799,agreement,0,0
domain36,AlphaBIU,0.930850032,MatrixAlienAgent,0.858025712,0.798693262,1.788875744,agreement,0.057264609,1.11E-16
domain36,AlphaBIU,0.930850032,TripleAgent,0.858025712,0.798693262,1.788875744,agreement,0.057264609,1.11E-16
domain36,AlphaBIU,1,TheDiceHaggler2021,0.770244493,0.770244493,1.770244493,agreement,0.061000785,1.11E-16
domain36,AlphaBIU,0.952780998,AortaBoa,0.767869458,0.731611428,1.720650456,agreement,0.065451444,0.034392876
domain36,AlphaBIU,0,POMPFANAgent,0,0,0,failed,1.282284591,1.09702161
domain36,AlphaBIU,0.956407769,GamblerAgent,0.793471376,0.758882189,1.749879146,agreement,0.041204047,0.032616617
domain36,AlphaBIU,0.979402162,AgentFO,0.827662477,0.81061442,1.807064639,agreement,0,0
domain37,AlphaBIU,0.840527257,MatrixAlienAgent,0.62300302,0.523651019,1.463530277,agreement,0.081101737,0.049309626
domain37,AlphaBIU,0.905196219,TripleAgent,0.671946019,0.608242996,1.577142238,agreement,0,0
domain37,AlphaBIU,0.990005891,TheDiceHaggler2021,0.298266252,0.295285347,1.288272143,agreement,0.383183049,5.55E-17
domain37,AlphaBIU,0.907937326,AortaBoa,0.120988608,0.109850074,1.028925935,agreement,0.55096423,0.195352533
domain37,AlphaBIU,0,POMPFANAgent,0,0,0,failed,1.127338302,0.90810982
domain37,AlphaBIU,0.812959747,GamblerAgent,0.656878812,0.534016033,1.46983856,agreement,0.093459015,0.017355568
domain37,AlphaBIU,0.880601369,AgentFO,0.579851789,0.510618279,1.460453158,agreement,0.095321844,0.031359719
domain38,AlphaBIU,0,MatrixAlienAgent,0,0,0,failed,1.013904644,0.641664307
domain38,AlphaBIU,0.910049636,TripleAgent,0.078028155,0.071009494,0.988077791,agreement,0.879663579,0.091831211
domain38,AlphaBIU,0.97591041,TheDiceHaggler2021,0.058776674,0.057360768,1.034687084,agreement,0.927279842,0.024101602
domain38,AlphaBIU,0,AortaBoa,0,0,0,failed,1.013904644,0.641664307
domain38,AlphaBIU,0,POMPFANAgent,0,0,0,failed,1.013904644,0.641664307
domain38,AlphaBIU,1,GamblerAgent,0.059537525,0.059537525,1.059537525,agreement,0.938610498,6.94E-18
domain38,AlphaBIU,0.805184485,AgentFO,0.239222435,0.192618193,1.044406919,agreement,0.689185011,0.019385054
domain39,AlphaBIU,0.86433481,MatrixAlienAgent,0.526878024,0.455399016,1.391212833,agreement,0.198976898,1.11E-16
domain39,AlphaBIU,1,TripleAgent,0.09245318,0.09245318,1.09245318,agreement,0.644036503,1.39E-17
domain39,AlphaBIU,1,TheDiceHaggler2021,0.09245318,0.09245318,1.09245318,agreement,0.644036503,1.39E-17
domain39,AlphaBIU,0,AortaBoa,0,0,0,failed,1.004566125,0.905514377
domain39,AlphaBIU,0,POMPFANAgent,0,0,0,failed,1.004566125,0.905514377
domain39,AlphaBIU,1,GamblerAgent,0.09245318,0.09245318,1.09245318,agreement,0.644036503,1.39E-17
domain39,AlphaBIU,0.86433481,AgentFO,0.526878024,0.455399016,1.391212833,agreement,0.198976898,1.11E-16
domain40,AlphaBIU,0.849101616,MatrixAlienAgent,0.846262803,0.718563113,1.695364419,agreement,2.22E-16,2.22E-16
domain40,AlphaBIU,0.919651909,TripleAgent,0.77239223,0.710331989,1.692044139,agreement,0.102147958,2.48E-16
domain40,AlphaBIU,0.882866512,TheDiceHaggler2021,0.336534758,0.297115268,1.219401269,agreement,0.510845131,0.374316496
domain40,AlphaBIU,0.919651909,AortaBoa,0.77239223,0.710331989,1.692044139,agreement,0.102147958,2.48E-16
domain40,AlphaBIU,0,POMPFANAgent,0,0,0,failed,1.198805358,1.084103633
domain40,AlphaBIU,1,GamblerAgent,0.697795015,0.697795015,1.697795015,agreement,0.211690827,0
domain40,AlphaBIU,0.919651909,AgentFO,0.77239223,0.710331989,1.692044139,agreement,0.102147958,2.48E-16
domain41,AlphaBIU,0.978784078,MatrixAlienAgent,0.635017572,0.621545088,1.61380165,agreement,1.11E-16,1.11E-16
domain41,AlphaBIU,0.978784078,TripleAgent,0.635017572,0.621545088,1.61380165,agreement,1.11E-16,1.11E-16
domain41,AlphaBIU,0.979854994,TheDiceHaggler2021,0.060289083,0.059074559,1.040144077,agreement,0.574729486,0.371424682
domain41,AlphaBIU,0,AortaBoa,0,0,0,failed,1.166732869,0.965678255
domain41,AlphaBIU,0,POMPFANAgent,0,0,0,failed,1.166732869,0.965678255
domain41,AlphaBIU,1,GamblerAgent,0.431167059,0.431167059,1.431167059,agreement,0.204951572,0
domain41,AlphaBIU,0.978784078,AgentFO,0.635017572,0.621545088,1.61380165,agreement,1.11E-16,1.11E-16
domain42,AlphaBIU,0.868092861,MatrixAlienAgent,0.740772727,0.643059515,1.608865588,agreement,0.037985433,1.11E-16
domain42,AlphaBIU,0.868092861,TripleAgent,0.740772727,0.643059515,1.608865588,agreement,0.037985433,1.11E-16
domain42,AlphaBIU,0.854762658,TheDiceHaggler2021,0.626436683,0.535454684,1.481199341,agreement,0.110995258,0.072135512
domain42,AlphaBIU,0,AortaBoa,0,0,0,failed,1.159009909,1.042287568
domain42,AlphaBIU,0,POMPFANAgent,0,0,0,failed,1.159009909,1.042287568
domain42,AlphaBIU,0.987353659,GamblerAgent,0.654997862,0.646714535,1.642351521,agreement,0.110288565,0
domain42,AlphaBIU,0.987353659,AgentFO,0.654997862,0.646714535,1.642351521,agreement,0.110288565,0
domain43,AlphaBIU,0.884349856,MatrixAlienAgent,0.573083085,0.506805943,1.457432941,agreement,1.57E-16,1.57E-16
domain43,AlphaBIU,0.787817988,TripleAgent,0.630871079,0.497011584,1.418689067,agreement,0.112507128,1.11E-16
domain43,AlphaBIU,0.945573726,TheDiceHaggler2021,0.51236486,0.48447875,1.457938586,agreement,0.086226824,1.11E-16
domain43,AlphaBIU,0,AortaBoa,0,0,0,failed,1.053802111,0.940761761
domain43,AlphaBIU,0,POMPFANAgent,0,0,0,failed,1.053802111,0.940761761
domain43,AlphaBIU,1,GamblerAgent,0.306798405,0.306798405,1.306798405,agreement,0.290314462,0
domain43,AlphaBIU,0.945573726,AgentFO,0.51236486,0.48447875,1.457938586,agreement,0.086226824,1.11E-16
domain44,AlphaBIU,0.76438085,MatrixAlienAgent,0.801613061,0.612737673,1.565993911,agreement,0.048182996,0.048182996
domain44,AlphaBIU,0.864148653,TripleAgent,0.741459434,0.640731172,1.605608088,agreement,0.144633803,1.11E-16
domain44,AlphaBIU,0.943400961,TheDiceHaggler2021,0.016565536,0.015627943,0.959966497,agreement,0.851314366,0.085495218
domain44,AlphaBIU,0.936682002,AortaBoa,0.028571333,0.026762253,0.965253335,agreement,0.838192639,0.081979729
domain44,AlphaBIU,0,POMPFANAgent,0,0,0,failed,1.145411705,0.947822814
domain44,AlphaBIU,0.78371369,GamblerAgent,0.722302557,0.566078402,1.506016247,agreement,0.12829181,0.060313752
domain44,AlphaBIU,0.894466519,AgentFO,0.67110746,0.600283154,1.565573979,agreement,0.218701864,2.48E-16
domain45,AlphaBIU,0.795545055,MatrixAlienAgent,0.96868637,0.770633652,1.764231425,agreement,0,0
domain45,AlphaBIU,0.912301908,TripleAgent,0.710262782,0.647974092,1.622564691,agreement,0.283575234,0
domain45,AlphaBIU,0.945359748,TheDiceHaggler2021,0.402476111,0.380484715,1.34783586,agreement,0.585694886,0.064858092
domain45,AlphaBIU,0,AortaBoa,0,0,0,failed,1.253493206,1.070197102
domain45,AlphaBIU,0,POMPFANAgent,0,0,0,failed,1.253493206,1.070197102
domain45,AlphaBIU,0.805431954,GamblerAgent,0.82394524,0.663631825,1.629377195,agreement,0.145078411,1.57E-16
domain45,AlphaBIU,0.936263713,AgentFO,0.694527491,0.650260888,1.630791204,agreement,0.308163644,0.01214225
domain46,AlphaBIU,0.931771005,MatrixAlienAgent,0.980706595,0.91379397,1.9124776,agreement,0.015504628,1.11E-16
domain46,AlphaBIU,0.931771005,TripleAgent,0.980706595,0.91379397,1.9124776,agreement,0.015504628,1.11E-16
domain46,AlphaBIU,0.927728547,TheDiceHaggler2021,0.979986534,0.909161483,1.907715081,agreement,0.015640462,0.004106088
domain46,AlphaBIU,0.951242276,AortaBoa,0.7798323,0.741809452,1.731074576,agreement,0.217090246,0.003538839
domain46,AlphaBIU,0,POMPFANAgent,0,0,0,failed,1.360743442,1.17918451
domain46,AlphaBIU,0.93828034,GamblerAgent,0.868716767,0.815099863,1.806997107,agreement,0.127361932,0.004106088
domain46,AlphaBIU,0.942322799,AgentFO,0.869436828,0.819290145,1.811759627,agreement,0.127050775,1.11E-16
domain47,AlphaBIU,0.932550451,MatrixAlienAgent,0.980532619,0.914396136,1.91308307,agreement,1.57E-16,1.57E-16
domain47,AlphaBIU,0.932550451,TripleAgent,0.980532619,0.914396136,1.91308307,agreement,1.57E-16,1.57E-16
domain47,AlphaBIU,0.932550451,TheDiceHaggler2021,0.980532619,0.914396136,1.91308307,agreement,1.57E-16,1.57E-16
domain47,AlphaBIU,1,AortaBoa,0.833910936,0.833910936,1.833910936,agreement,0.161391944,1.57E-16
domain47,AlphaBIU,0,POMPFANAgent,0,0,0,failed,1.353179426,1.295019627
domain47,AlphaBIU,0.932550451,GamblerAgent,0.980532619,0.914396136,1.91308307,agreement,1.57E-16,1.57E-16
domain47,AlphaBIU,0.988814989,AgentFO,0.824206974,0.81498821,1.813021963,agreement,0.166142727,0.014807814
domain48,AlphaBIU,0.813896638,MatrixAlienAgent,0.976999391,0.79517652,1.790896029,agreement,0.08577532,2.22E-16
domain48,AlphaBIU,0.910835884,TripleAgent,0.916292033,0.834591663,1.827127916,agreement,0.045772503,1.11E-16
domain48,AlphaBIU,0.816965103,TheDiceHaggler2021,0.898815812,0.734301152,1.715780915,agreement,0.101693336,0.07824377
domain48,AlphaBIU,0,AortaBoa,0,0,0,failed,1.314717662,1.064434623
domain48,AlphaBIU,0,POMPFANAgent,0,0,0,failed,1.314717662,1.064434623
domain48,AlphaBIU,0.910835884,GamblerAgent,0.916292033,0.834591663,1.827127916,agreement,0.045772503,1.11E-16
domain48,AlphaBIU,0.895302686,AgentFO,0.841392803,0.753301236,1.736695489,agreement,0.118871181,0.026051284
domain49,AlphaBIU,0.773273924,MatrixAlienAgent,0.940603615,0.727344249,1.71387754,agreement,0.250521738,0
domain49,AlphaBIU,0.892647953,TripleAgent,0.818471635,0.73060703,1.711119588,agreement,0.090404238,2.48E-16
domain49,AlphaBIU,0.971695185,TheDiceHaggler2021,0.394230129,0.383071518,1.365925314,agreement,0.407000283,0.041804867
domain49,AlphaBIU,0.981370482,AortaBoa,0.801115395,0.786191001,1.782485877,agreement,1.11E-16,1.11E-16
domain49,AlphaBIU,0,POMPFANAgent,0,0,0,failed,1.266836177,1.058327056
domain49,AlphaBIU,0.880224111,GamblerAgent,0.891796305,0.78498061,1.772020416,agreement,0.135844087,1.11E-16
domain49,AlphaBIU,0.981370482,AgentFO,0.801115395,0.786191001,1.782485877,agreement,1.11E-16,1.11E-16
domain00,AlphaBIU,0,MatrixAlienAgent,0,0,0,failed,1.053528313,0.937899109
domain00,AlphaBIU,1,TripleAgent,0.415386461,0.415386461,1.415386461,agreement,0.628361107,5.55E-17
domain00,AlphaBIU,0,TheDiceHaggler2021,0,0,0,failed,1.053528313,0.937899109
domain00,AlphaBIU,0,AortaBoa,0,0,0,failed,1.053528313,0.937899109
domain00,AlphaBIU,0,POMPFANAgent,0,0,0,failed,1.053528313,0.937899109
domain00,AlphaBIU,0,GamblerAgent,0,0,0,failed,1.053528313,0.937899109
domain00,AlphaBIU,1,AgentFO,0.415386461,0.415386461,1.415386461,agreement,0.628361107,5.55E-17
domain01,AlphaBIU,0.741044064,MatrixAlienAgent,0.949831431,0.703866944,1.690875496,agreement,0.143985737,1.11E-16
domain01,AlphaBIU,0.875298132,TripleAgent,0.897795504,0.785838728,1.773093637,agreement,0,0
domain01,AlphaBIU,0.875298132,TheDiceHaggler2021,0.897795504,0.785838728,1.773093637,agreement,0,0
domain01,AlphaBIU,0,AortaBoa,0,0,0,failed,1.253867452,1.071392427
domain01,AlphaBIU,1,POMPFANAgent,0.511804925,0.511804925,1.511804925,agreement,0.40563442,1.11E-16
domain01,AlphaBIU,0.875298132,GamblerAgent,0.897795504,0.785838728,1.773093637,agreement,0,0
domain01,AlphaBIU,1,AgentFO,0.511804925,0.511804925,1.511804925,agreement,0.40563442,1.11E-16
domain02,AlphaBIU,0.811972601,MatrixAlienAgent,0.871529535,0.707658104,1.683502136,agreement,0.219432959,1.57E-16
domain02,AlphaBIU,0.980737268,TripleAgent,0.731282214,0.717195721,1.712019482,agreement,0,0
domain02,AlphaBIU,0.985324687,TheDiceHaggler2021,0.051243998,0.050491976,1.036568685,agreement,0.680053689,0.017140749
domain02,AlphaBIU,0,AortaBoa,0,0,0,failed,1.223363914,1.001804417
domain02,AlphaBIU,0,POMPFANAgent,0,0,0,failed,1.223363914,1.001804417
domain02,AlphaBIU,0.925840634,GamblerAgent,0.696209459,0.644579007,1.622050093,agreement,0.065143983,0.065143983
domain02,AlphaBIU,0.925840634,AgentFO,0.696209459,0.644579007,1.622050093,agreement,0.065143983,0.065143983
domain03,AlphaBIU,0.915608235,MatrixAlienAgent,0.540239088,0.494647358,1.455847323,agreement,0.138665067,0
domain03,AlphaBIU,0.876502898,TripleAgent,0.673275825,0.590128211,1.549778722,agreement,1.57E-16,1.57E-16
domain03,AlphaBIU,0,TheDiceHaggler2021,0,0,0,failed,1.105240999,1.030044291
domain03,AlphaBIU,0,AortaBoa,0,0,0,failed,1.105240999,1.030044291
domain03,AlphaBIU,0,POMPFANAgent,0,0,0,failed,1.105240999,1.030044291
domain03,AlphaBIU,1,GamblerAgent,0.537200707,0.537200707,1.537200707,agreement,0.183760638,0
domain03,AlphaBIU,1,AgentFO,0.537200707,0.537200707,1.537200707,agreement,0.183760638,0
domain04,AlphaBIU,0.940420724,MatrixAlienAgent,0.953384002,0.896582073,1.893804726,agreement,0.022417528,1.11E-16
domain04,AlphaBIU,0.940420724,TripleAgent,0.953384002,0.896582073,1.893804726,agreement,0.022417528,1.11E-16
domain04,AlphaBIU,0.920474341,TheDiceHaggler2021,0.638563806,0.587781599,1.559038147,agreement,0.332801366,0.091552455
domain04,AlphaBIU,0.991040606,AortaBoa,0.707534299,0.70119522,1.698574905,agreement,0.271442841,0.025253321
domain04,AlphaBIU,0,POMPFANAgent,0,0,0,failed,1.342632705,1.211508008
domain04,AlphaBIU,0.941478135,GamblerAgent,0.858926254,0.808660288,1.800404389,agreement,0.11331126,1.57E-16
domain04,AlphaBIU,0.981865936,AgentFO,0.849664388,0.834256519,1.831530324,agreement,0.133460146,1.11E-16
domain05,AlphaBIU,0.985282678,MatrixAlienAgent,0.506712315,0.499254867,1.491994993,agreement,0.502221155,1.11E-16
domain05,AlphaBIU,1,TripleAgent,0.491930325,0.491930325,1.491930325,agreement,0.522621634,1.11E-16
domain05,AlphaBIU,0,TheDiceHaggler2021,0,0,0,failed,1.172830062,0.882208648
domain05,AlphaBIU,0,AortaBoa,0,0,0,failed,1.172830062,0.882208648
domain05,AlphaBIU,0,POMPFANAgent,0,0,0,failed,1.172830062,0.882208648
domain05,AlphaBIU,0,GamblerAgent,0,0,0,failed,1.172830062,0.882208648
domain05,AlphaBIU,1,AgentFO,0.491930325,0.491930325,1.491930325,agreement,0.522621634,1.11E-16
domain06,AlphaBIU,0.876569313,MatrixAlienAgent,0.925684693,0.811426795,1.802254006,agreement,0.165023901,1.11E-16
domain06,AlphaBIU,0.912433246,TripleAgent,0.859126956,0.783895997,1.771560202,agreement,0.09754444,1.57E-16
domain06,AlphaBIU,0.876569313,TheDiceHaggler2021,0.925684693,0.811426795,1.802254006,agreement,0.165023901,1.11E-16
domain06,AlphaBIU,1,AortaBoa,0.816150436,0.816150436,1.816150436,agreement,1.11E-16,1.11E-16
domain06,AlphaBIU,0,POMPFANAgent,0,0,0,failed,1.290775555,1.083212927
domain06,AlphaBIU,1,GamblerAgent,0.816150436,0.816150436,1.816150436,agreement,1.11E-16,1.11E-16
domain06,AlphaBIU,1,AgentFO,0.816150436,0.816150436,1.816150436,agreement,1.11E-16,1.11E-16
domain07,AlphaBIU,0.821745853,MatrixAlienAgent,0.674248377,0.554060808,1.49599423,agreement,0.040274439,1.57E-16
domain07,AlphaBIU,0.86108252,TripleAgent,0.665607945,0.573143366,1.526690465,agreement,1.57E-16,1.57E-16
domain07,AlphaBIU,0.921582375,TheDiceHaggler2021,0.481241414,0.443503605,1.402823789,agreement,0.194039301,0.049019787
domain07,AlphaBIU,0,AortaBoa,0,0,0,failed,1.088346012,0.931531234
domain07,AlphaBIU,0,POMPFANAgent,0,0,0,failed,1.088346012,0.931531234
domain07,AlphaBIU,1,GamblerAgent,0.360840066,0.360840066,1.360840066,agreement,0.334935108,0
domain07,AlphaBIU,0.927429792,AgentFO,0.557008605,0.516586375,1.484438397,agreement,0.127262631,0.02609741
domain08,AlphaBIU,0.821842325,MatrixAlienAgent,0.912755476,0.750141083,1.734597802,agreement,1.11E-16,1.11E-16
domain08,AlphaBIU,0.830425454,TripleAgent,0.670039304,0.556417693,1.500464758,agreement,0.242867887,1.11E-16
domain08,AlphaBIU,0.922555041,TheDiceHaggler2021,0.094841168,0.087496198,1.017396209,agreement,0.82409154,0.07744506
domain08,AlphaBIU,0,AortaBoa,0,0,0,failed,1.228229363,0.986022452
domain08,AlphaBIU,0,POMPFANAgent,0,0,0,failed,1.228229363,0.986022452
domain08,AlphaBIU,0.826377128,GamblerAgent,0.713070545,0.589265189,1.539447673,agreement,0.199736417,1.11E-16
domain08,AlphaBIU,0.91035691,AgentFO,0.442424138,0.402763871,1.352781048,agreement,0.478587923,0.028903444
domain09,AlphaBIU,0,MatrixAlienAgent,0,0,0,failed,0.990040702,0.826876812
domain09,AlphaBIU,1,TripleAgent,0.064070719,0.064070719,1.064070719,agreement,0.818288912,1.39E-17
domain09,AlphaBIU,0.957772477,TheDiceHaggler2021,0.077269729,0.074006819,1.035042205,agreement,0.787041019,0.04424226
domain09,AlphaBIU,0,AortaBoa,0,0,0,failed,0.990040702,0.826876812
domain09,AlphaBIU,0,POMPFANAgent,0,0,0,failed,0.990040702,0.826876812
domain09,AlphaBIU,1,GamblerAgent,0.064070719,0.064070719,1.064070719,agreement,0.818288912,1.39E-17
domain09,AlphaBIU,0.834945014,AgentFO,0.403506904,0.336906077,1.238451917,agreement,0.441657099,5.55E-17
domain10,AlphaBIU,0.871228275,MatrixAlienAgent,0.865623788,0.75415592,1.736852063,agreement,0.09053621,0.049941371
domain10,AlphaBIU,0.914040516,TripleAgent,0.902102048,0.824557821,1.816142564,agreement,0.072255562,0
domain10,AlphaBIU,0.943579884,TheDiceHaggler2021,0.574883699,0.542448694,1.518463583,agreement,0.388952089,0.073524358
domain10,AlphaBIU,0,AortaBoa,0,0,0,failed,1.28987013,1.143263367
domain10,AlphaBIU,0,POMPFANAgent,0,0,0,failed,1.28987013,1.143263367
domain10,AlphaBIU,0.914040516,GamblerAgent,0.902102048,0.824557821,1.816142564,agreement,0.072255562,0
domain10,AlphaBIU,0.914040516,AgentFO,0.902102048,0.824557821,1.816142564,agreement,0.072255562,0
domain11,AlphaBIU,0.877587422,MatrixAlienAgent,0.85738457,0.752429914,1.734971992,agreement,0.069491775,0.049654191
domain11,AlphaBIU,0.934249901,TripleAgent,0.876344282,0.818724558,1.810594182,agreement,0.014093415,1.57E-16
domain11,AlphaBIU,0.946139089,TheDiceHaggler2021,0.868776484,0.821983391,1.814915573,agreement,1.11E-16,1.11E-16
domain11,AlphaBIU,1,AortaBoa,0.818744912,0.818744912,1.818744912,agreement,0.073512965,0
domain11,AlphaBIU,0,POMPFANAgent,0,0,0,failed,1.284504479,1.058577347
domain11,AlphaBIU,0.988110812,GamblerAgent,0.826312709,0.816488522,1.814423521,agreement,0.059705927,1.11E-16
domain11,AlphaBIU,1,AgentFO,0.818744912,0.818744912,1.818744912,agreement,0.073512965,0
domain12,AlphaBIU,0.904924883,MatrixAlienAgent,0.866205735,0.783851123,1.771130618,agreement,1.11E-16,1.11E-16
domain12,AlphaBIU,0.904924883,TripleAgent,0.866205735,0.783851123,1.771130618,agreement,1.11E-16,1.11E-16
domain12,AlphaBIU,0.920205304,TheDiceHaggler2021,0.381887066,0.351414504,1.30209237,agreement,0.48455966,0.08858199
domain12,AlphaBIU,0,AortaBoa,0,0,0,failed,1.2526777,1.072048316
domain12,AlphaBIU,0,POMPFANAgent,0,0,0,failed,1.2526777,1.072048316
domain12,AlphaBIU,0.904924883,GamblerAgent,0.866205735,0.783851123,1.771130618,agreement,1.11E-16,1.11E-16
domain12,AlphaBIU,0.950721674,AgentFO,0.755732745,0.718491501,1.706454419,agreement,0.119589413,0
domain13,AlphaBIU,0,MatrixAlienAgent,0,0,0,failed,0.963727928,0.835534659
domain13,AlphaBIU,1,TripleAgent,0.28651869,0.28651869,1.28651869,agreement,0.416022763,5.55E-17
domain13,AlphaBIU,0.949838284,TheDiceHaggler2021,0.147394167,0.140000623,1.097232452,agreement,0.510107785,0.147891279
domain13,AlphaBIU,0,AortaBoa,0,0,0,failed,0.963727928,0.835534659
domain13,AlphaBIU,0,POMPFANAgent,0,0,0,failed,0.963727928,0.835534659
domain13,AlphaBIU,0,GamblerAgent,0,0,0,failed,0.963727928,0.835534659
domain13,AlphaBIU,0.900625504,AgentFO,0.380302746,0.342510352,1.28092825,agreement,0.281615808,0
domain14,AlphaBIU,0.894669828,MatrixAlienAgent,0.670145635,0.59955908,1.564815463,agreement,0.182053898,1.11E-16
domain14,AlphaBIU,0.894669828,TripleAgent,0.670145635,0.59955908,1.564815463,agreement,0.182053898,1.11E-16
domain14,AlphaBIU,1,TheDiceHaggler2021,0.475508595,0.475508595,1.475508595,agreement,0.401716398,1.11E-16
domain14,AlphaBIU,0.962407085,AortaBoa,0.150050372,0.144409541,1.112457457,agreement,0.686452637,0.327622164
domain14,AlphaBIU,0,POMPFANAgent,0,0,0,failed,1.126278313,1.098959536
domain14,AlphaBIU,0.780520057,GamblerAgent,0.811967536,0.633756947,1.592487593,agreement,1.11E-16,1.11E-16
domain14,AlphaBIU,0.947705314,AgentFO,0.474510354,0.449695984,1.422215668,agreement,0.376600929,0.052304213
domain15,AlphaBIU,0.798952016,MatrixAlienAgent,0.409846688,0.327447838,1.208798704,agreement,0.258490142,0.06017199
domain15,AlphaBIU,1,TripleAgent,0.147845339,0.147845339,1.147845339,agreement,0.588598522,0
domain15,AlphaBIU,0.938344441,TheDiceHaggler2021,0.188794475,0.177154246,1.127138916,agreement,0.519673981,0.06017199
domain15,AlphaBIU,0,AortaBoa,0,0,0,failed,0.900007407,0.86306875
domain15,AlphaBIU,0,POMPFANAgent,0,0,0,failed,0.900007407,0.86306875
domain15,AlphaBIU,0,GamblerAgent,0,0,0,failed,0.900007407,0.86306875
domain15,AlphaBIU,0.860607575,AgentFO,0.368897552,0.317476028,1.229505127,agreement,0.328499463,1.24E-16
domain16,AlphaBIU,0.768774016,MatrixAlienAgent,0.744273579,0.572178188,1.513047595,agreement,0.111971785,0
domain16,AlphaBIU,0.886629912,TripleAgent,0.626607088,0.555568587,1.513237,agreement,0.267419283,1.57E-16
domain16,AlphaBIU,0.898396716,TheDiceHaggler2021,0.428680319,0.385124991,1.327077035,agreement,0.451762932,0.089107823
domain16,AlphaBIU,0,AortaBoa,0,0,0,failed,1.133558577,1.011251082
domain16,AlphaBIU,0,POMPFANAgent,0,0,0,failed,1.133558577,1.011251082
domain16,AlphaBIU,0.745613671,GamblerAgent,0.853823929,0.636622794,1.5994376,agreement,1.11E-16,1.11E-16
domain16,AlphaBIU,0.886629912,AgentFO,0.626607088,0.555568587,1.513237,agreement,0.267419283,1.57E-16
domain17,AlphaBIU,0.836182175,MatrixAlienAgent,0.832389487,0.696029252,1.668571662,agreement,0.155703994,1.11E-16
domain17,AlphaBIU,0.970529798,TripleAgent,0.762102785,0.739643462,1.732632583,agreement,0.004495848,1.11E-16
domain17,AlphaBIU,0.980635102,TheDiceHaggler2021,0.71929063,0.70536164,1.699925732,agreement,0.042987364,0
domain17,AlphaBIU,0.968854985,AortaBoa,0.706587092,0.684580426,1.675442077,agreement,0.055665406,0.017324867
domain17,AlphaBIU,0,POMPFANAgent,0,0,0,failed,1.237406,1.011108014
domain17,AlphaBIU,0.831690468,GamblerAgent,0.832582386,0.692450834,1.664272854,agreement,0.159807348,0
domain17,AlphaBIU,0.975021505,AgentFO,0.761909886,0.742878524,1.736931391,agreement,1.57E-16,1.57E-16
domain18,AlphaBIU,0.937071594,MatrixAlienAgent,0.767882118,0.71956052,1.704953712,agreement,0.06807476,1.11E-16
domain18,AlphaBIU,0.937071594,TripleAgent,0.767882118,0.71956052,1.704953712,agreement,0.06807476,1.11E-16
domain18,AlphaBIU,0.803594847,TheDiceHaggler2021,0.651785819,0.523771726,1.455380666,agreement,0.216098609,0.176902212
domain18,AlphaBIU,1,AortaBoa,0.741916973,0.741916973,1.741916973,agreement,0,0
domain18,AlphaBIU,0,POMPFANAgent,0,0,0,failed,1.245166974,1.115596978
domain18,AlphaBIU,1,GamblerAgent,0.741916973,0.741916973,1.741916973,agreement,0,0
domain18,AlphaBIU,0.937071594,AgentFO,0.767882118,0.71956052,1.704953712,agreement,0.06807476,1.11E-16
domain19,AlphaBIU,0.857972974,MatrixAlienAgent,0.922647557,0.791606668,1.780620531,agreement,0.090810101,0
domain19,AlphaBIU,0.941614709,TripleAgent,0.887284658,0.835480285,1.828899367,agreement,1.57E-16,1.57E-16
domain19,AlphaBIU,0.959242192,TheDiceHaggler2021,0.516856575,0.495790634,1.476098767,agreement,0.370847263,0.101051937
domain19,AlphaBIU,0,AortaBoa,0,0,0,failed,1.293797636,1.086326759
domain19,AlphaBIU,0,POMPFANAgent,0,0,0,failed,1.293797636,1.086326759
domain19,AlphaBIU,0.941614709,GamblerAgent,0.887284658,0.835480285,1.828899367,agreement,1.57E-16,1.57E-16
domain19,AlphaBIU,0.963240398,AgentFO,0.823270577,0.793007478,1.786510975,agreement,0.067568284,1.11E-16
domain20,AlphaBIU,0.796540103,MatrixAlienAgent,0.914868433,0.728729396,1.711408536,agreement,1.11E-16,1.11E-16
domain20,AlphaBIU,0.796540103,TripleAgent,0.914868433,0.728729396,1.711408536,agreement,1.11E-16,1.11E-16
domain20,AlphaBIU,0,TheDiceHaggler2021,0,0,0,failed,1.213037668,0.883439178
domain20,AlphaBIU,0,AortaBoa,0,0,0,failed,1.213037668,0.883439178
domain20,AlphaBIU,0,POMPFANAgent,0,0,0,failed,1.213037668,0.883439178
domain20,AlphaBIU,0.796540103,GamblerAgent,0.914868433,0.728729396,1.711408536,agreement,1.11E-16,1.11E-16
domain20,AlphaBIU,0.85283178,AgentFO,0.230527083,0.196600822,1.083358863,agreement,0.686652631,0
domain21,AlphaBIU,0.908633012,MatrixAlienAgent,0.923589006,0.83920346,1.832222017,agreement,0,0
domain21,AlphaBIU,0.945234728,TripleAgent,0.860565881,0.813436757,1.805800609,agreement,0.072880723,1.57E-16
domain21,AlphaBIU,0.956489931,TheDiceHaggler2021,0.255678921,0.244554313,1.212168851,agreement,0.669622406,0.57128536
domain21,AlphaBIU,1,AortaBoa,0.825304971,0.825304971,1.825304971,agreement,0.13419269,0
domain21,AlphaBIU,0,POMPFANAgent,0,0,0,failed,1.295619775,1.011398896
domain21,AlphaBIU,0.945234728,GamblerAgent,0.860565881,0.813436757,1.805800609,agreement,0.072880723,1.57E-16
domain21,AlphaBIU,1,AgentFO,0.825304971,0.825304971,1.825304971,agreement,0.13419269,0
domain22,AlphaBIU,0.889203264,MatrixAlienAgent,0.769774466,0.684485967,1.65897773,agreement,1.11E-16,1.11E-16
domain22,AlphaBIU,0.889203264,TripleAgent,0.769774466,0.684485967,1.65897773,agreement,1.11E-16,1.11E-16
domain22,AlphaBIU,0.928589516,TheDiceHaggler2021,0.257801702,0.239391958,1.186391218,agreement,0.513485528,0.071439049
domain22,AlphaBIU,0,AortaBoa,0,0,0,failed,1.176110187,0.945043265
domain22,AlphaBIU,0,POMPFANAgent,0,0,0,failed,1.176110187,0.945043265
domain22,AlphaBIU,0.767717529,GamblerAgent,0.806276624,0.618992697,1.573994153,agreement,0.126851059,1.57E-16
domain22,AlphaBIU,0.957272208,AgentFO,0.656919051,0.628850351,1.614191259,agreement,0.131794256,1.11E-16
domain23,AlphaBIU,0.911157702,MatrixAlienAgent,0.606762472,0.5528563,1.517920174,agreement,0.042388976,0.042388976
domain23,AlphaBIU,0.872061821,TripleAgent,0.666150994,0.580924849,1.538212815,agreement,0.056955288,1.11E-16
domain23,AlphaBIU,0.958309446,TheDiceHaggler2021,0.192769214,0.184732558,1.151078659,agreement,0.455037802,0.051854901
domain23,AlphaBIU,0,AortaBoa,0,0,0,failed,1.129070475,0.933039708
domain23,AlphaBIU,0,POMPFANAgent,0,0,0,failed,1.129070475,0.933039708
domain23,AlphaBIU,0,GamblerAgent,0,0,0,failed,1.129070475,0.933039708
domain23,AlphaBIU,0.911157702,AgentFO,0.606762472,0.5528563,1.517920174,agreement,0.042388976,0.042388976
domain24,AlphaBIU,0.792985113,MatrixAlienAgent,0.893726272,0.708711629,1.686711385,agreement,0.130617163,1.11E-16
domain24,AlphaBIU,0.909669582,TripleAgent,0.835027227,0.759598869,1.744696809,agreement,1.11E-16,1.11E-16
domain24,AlphaBIU,0.937924056,TheDiceHaggler2021,0.469713047,0.440555166,1.407637103,agreement,0.366405193,0.199202877
domain24,AlphaBIU,0,AortaBoa,0,0,0,failed,1.234815459,1.144705149
domain24,AlphaBIU,0,POMPFANAgent,0,0,0,failed,1.234815459,1.144705149
domain24,AlphaBIU,1,GamblerAgent,0.660839117,0.660839117,1.660839117,agreement,0.196216926,0
domain24,AlphaBIU,1,AgentFO,0.660839117,0.660839117,1.660839117,agreement,0.196216926,0
domain25,AlphaBIU,0.86811765,MatrixAlienAgent,0.934146847,0.810949365,1.802264497,agreement,0.081200215,0.016792931
domain25,AlphaBIU,0.944315184,TripleAgent,0.903075168,0.852787593,1.847390352,agreement,0.016792931,0.016792931
domain25,AlphaBIU,0.911220064,TheDiceHaggler2021,0.149846618,0.136543244,1.061066681,agreement,0.770494239,0.048794664
domain25,AlphaBIU,0.851973686,AortaBoa,0.097432032,0.083009528,0.949405719,agreement,0.827618746,0.127727276
domain25,AlphaBIU,0,POMPFANAgent,0,0,0,failed,1.320635362,0.967531723
domain25,AlphaBIU,0.947979243,GamblerAgent,0.919463493,0.871632306,1.867442736,agreement,1.11E-16,1.11E-16
domain25,AlphaBIU,0.947979243,AgentFO,0.919463493,0.871632306,1.867442736,agreement,1.11E-16,1.11E-16
domain26,AlphaBIU,0.776370341,MatrixAlienAgent,0.679249891,0.527349469,1.455620232,agreement,1.11E-16,1.11E-16
domain26,AlphaBIU,1,TripleAgent,0.43341963,0.43341963,1.43341963,agreement,0.332329267,0
domain26,AlphaBIU,0.950109697,TheDiceHaggler2021,0.345860645,0.328605553,1.295970342,agreement,0.375943816,0.100775087
domain26,AlphaBIU,0,AortaBoa,0,0,0,failed,1.03156741,0.902282697
domain26,AlphaBIU,0,POMPFANAgent,0,0,0,failed,1.03156741,0.902282697
domain26,AlphaBIU,0.776370341,GamblerAgent,0.679249891,0.527349469,1.455620232,agreement,1.11E-16,1.11E-16
domain26,AlphaBIU,1,AgentFO,0.43341963,0.43341963,1.43341963,agreement,0.332329267,0
domain27,AlphaBIU,0.800037079,MatrixAlienAgent,0.729042241,0.583260825,1.529079321,agreement,0.272873306,1.11E-16
domain27,AlphaBIU,0.800037079,TripleAgent,0.729042241,0.583260825,1.529079321,agreement,0.272873306,1.11E-16
domain27,AlphaBIU,1,TheDiceHaggler2021,0.117032675,0.117032675,1.117032675,agreement,0.916676446,0
domain27,AlphaBIU,0,AortaBoa,0,0,0,failed,1.215254374,0.992246882
domain27,AlphaBIU,0,POMPFANAgent,0,0,0,failed,1.215254374,0.992246882
domain27,AlphaBIU,0.791163506,GamblerAgent,0.671701746,0.531425909,1.462865253,agreement,0.325192479,0.058023036
domain27,AlphaBIU,0.918503858,AgentFO,0.431847743,0.396653818,1.350351601,agreement,0.59268074,5.55E-17
domain28,AlphaBIU,0.924139305,MatrixAlienAgent,0.571541659,0.528184112,1.495680964,agreement,0.228623098,2.22E-16
domain28,AlphaBIU,0.913592738,TripleAgent,0.586263013,0.535605632,1.499855751,agreement,0.21076392,2.48E-16
domain28,AlphaBIU,0.913592738,TheDiceHaggler2021,0.586263013,0.535605632,1.499855751,agreement,0.21076392,2.48E-16
domain28,AlphaBIU,0,AortaBoa,0,0,0,failed,1.058728915,0.981449107
domain28,AlphaBIU,0,POMPFANAgent,0,0,0,failed,1.058728915,0.981449107
domain28,AlphaBIU,0,GamblerAgent,0,0,0,failed,1.058728915,0.981449107
domain28,AlphaBIU,0.880009596,AgentFO,0.565145248,0.497333242,1.445154844,agreement,0.205238217,0.03967099
domain29,AlphaBIU,0.768180196,MatrixAlienAgent,0.967316145,0.743073105,1.73549634,agreement,1.11E-16,1.11E-16
domain29,AlphaBIU,0.84014585,TripleAgent,0.80232693,0.67407164,1.64247278,agreement,0.180001379,0
domain29,AlphaBIU,0.925749313,TheDiceHaggler2021,0.448486847,0.415186391,1.37423616,agreement,0.542228611,0.018835717
domain29,AlphaBIU,0,AortaBoa,0,0,0,failed,1.235233313,1.038993802
domain29,AlphaBIU,0,POMPFANAgent,0,0,0,failed,1.235233313,1.038993802
domain29,AlphaBIU,0.764708807,GamblerAgent,0.850455345,0.650350692,1.615164152,agreement,0.116912348,0.018755281
domain29,AlphaBIU,0.900685222,AgentFO,0.627211968,0.56492055,1.52789719,agreement,0.365004703,2.22E-16
domain30,AlphaBIU,0.821904531,MatrixAlienAgent,0.713542512,0.586463823,1.535447043,agreement,0.284649237,2.48E-16
domain30,AlphaBIU,0.821904531,TripleAgent,0.713542512,0.586463823,1.535447043,agreement,0.284649237,2.48E-16
domain30,AlphaBIU,0.979145701,TheDiceHaggler2021,0.337318348,0.33028381,1.316464049,agreement,0.691258024,1.24E-16
domain30,AlphaBIU,0,AortaBoa,0,0,0,failed,1.178929188,1.017404292
domain30,AlphaBIU,0,POMPFANAgent,0,0,0,failed,1.178929188,1.017404292
domain30,AlphaBIU,0.77270949,GamblerAgent,0.824953205,0.63744917,1.597662695,agreement,0.163865326,1.11E-16
domain30,AlphaBIU,0.888264167,AgentFO,0.452953039,0.402341954,1.341217206,agreement,0.548750278,0.022124514
domain31,AlphaBIU,0,MatrixAlienAgent,0,0,0,failed,1.043303537,0.929977576
domain31,AlphaBIU,1,TripleAgent,0.294411533,0.294411533,1.294411533,agreement,0.535172391,0
domain31,AlphaBIU,0.944264125,TheDiceHaggler2021,0.229927894,0.217112661,1.174192018,agreement,0.567303257,0.085232785
domain31,AlphaBIU,0,AortaBoa,0,0,0,failed,1.043303537,0.929977576
domain31,AlphaBIU,0,POMPFANAgent,0,0,0,failed,1.043303537,0.929977576
domain31,AlphaBIU,0,GamblerAgent,0,0,0,failed,1.043303537,0.929977576
domain31,AlphaBIU,0.851809829,AgentFO,0.379400484,0.323177061,1.231210312,agreement,0.394515011,1.11E-16
domain32,AlphaBIU,0.950663518,MatrixAlienAgent,0.897879214,0.853581012,1.848542732,agreement,1.57E-16,1.57E-16
domain32,AlphaBIU,0.950663518,TripleAgent,0.897879214,0.853581012,1.848542732,agreement,1.57E-16,1.57E-16
domain32,AlphaBIU,0.950663518,TheDiceHaggler2021,0.897879214,0.853581012,1.848542732,agreement,1.57E-16,1.57E-16
domain32,AlphaBIU,0.950663518,AortaBoa,0.897879214,0.853581012,1.848542732,agreement,1.57E-16,1.57E-16
domain32,AlphaBIU,0,POMPFANAgent,0,0,0,failed,1.307649879,1.163048584
domain32,AlphaBIU,0.950663518,GamblerAgent,0.897879214,0.853581012,1.848542732,agreement,1.57E-16,1.57E-16
domain32,AlphaBIU,0.950663518,AgentFO,0.897879214,0.853581012,1.848542732,agreement,1.57E-16,1.57E-16
domain33,AlphaBIU,0.953058293,MatrixAlienAgent,0.958321669,0.913336414,1.911379962,agreement,1.11E-16,1.11E-16
domain33,AlphaBIU,0.953058293,TripleAgent,0.958321669,0.913336414,1.911379962,agreement,1.11E-16,1.11E-16
domain33,AlphaBIU,0.953058293,TheDiceHaggler2021,0.958321669,0.913336414,1.911379962,agreement,1.11E-16,1.11E-16
domain33,AlphaBIU,0,AortaBoa,0,0,0,failed,1.351554857,1.117988663
domain33,AlphaBIU,0,POMPFANAgent,0,0,0,failed,1.351554857,1.117988663
domain33,AlphaBIU,0.953058293,GamblerAgent,0.958321669,0.913336414,1.911379962,agreement,1.11E-16,1.11E-16
domain33,AlphaBIU,0.958227604,AgentFO,0.909313346,0.871329149,1.86754095,agreement,0.049280194,0
domain34,AlphaBIU,0.819168347,MatrixAlienAgent,0.599154978,0.490808792,1.418323324,agreement,0.33978824,1.11E-16
domain34,AlphaBIU,0.913240797,TripleAgent,0.143244001,0.130816266,1.056484798,agreement,0.800679936,0.087774438
domain34,AlphaBIU,0.96457161,TheDiceHaggler2021,0.169507531,0.163502152,1.134079141,agreement,0.79251027,0.037721734
domain34,AlphaBIU,0,AortaBoa,0,0,0,failed,1.135729355,0.959812049
domain34,AlphaBIU,0,POMPFANAgent,0,0,0,failed,1.135729355,0.959812049
domain34,AlphaBIU,0,GamblerAgent,0,0,0,failed,1.135729355,0.959812049
domain34,AlphaBIU,0.96566355,AgentFO,0.364130605,0.351627653,1.329794155,agreement,0.615303535,1.11E-16
domain35,AlphaBIU,0,MatrixAlienAgent,0,0,0,failed,1.055819127,0.819362274
domain35,AlphaBIU,1,TripleAgent,0.164422187,0.164422187,1.164422187,agreement,0.803738511,0
domain35,AlphaBIU,0.960298033,TheDiceHaggler2021,0.192425701,0.184786022,1.152723734,agreement,0.76014567,0.025869362
domain35,AlphaBIU,0,AortaBoa,0,0,0,failed,1.055819127,0.819362274
domain35,AlphaBIU,0,POMPFANAgent,0,0,0,failed,1.055819127,0.819362274
domain35,AlphaBIU,0,GamblerAgent,0,0,0,failed,1.055819127,0.819362274
domain35,AlphaBIU,0.964723982,AgentFO,0.391454338,0.377645388,1.35617832,agreement,0.594095496,5.55E-17
domain36,AlphaBIU,0.874496473,MatrixAlienAgent,0.758213341,0.663054893,1.632709814,agreement,0.226092719,0
domain36,AlphaBIU,0.874496473,TripleAgent,0.758213341,0.663054893,1.632709814,agreement,0.226092719,0
domain36,AlphaBIU,0.971187746,TheDiceHaggler2021,0.458152174,0.444951777,1.42933992,agreement,0.540648733,0.046021841
domain36,AlphaBIU,0,AortaBoa,0,0,0,failed,1.282284591,1.09702161
domain36,AlphaBIU,0,POMPFANAgent,0,0,0,failed,1.282284591,1.09702161
domain36,AlphaBIU,0.858025712,GamblerAgent,0.930850032,0.798693262,1.788875744,agreement,0.057264609,1.11E-16
domain36,AlphaBIU,0.905618094,AgentFO,0.621234168,0.562600903,1.526852262,agreement,0.366553394,1.11E-16
domain37,AlphaBIU,0.884668194,MatrixAlienAgent,0.549700587,0.486302626,1.434368781,agreement,0.414279939,1.11E-16
domain37,AlphaBIU,1,TripleAgent,0.334141308,0.334141308,1.334141308,agreement,0.658576591,5.55E-17
domain37,AlphaBIU,0.880428557,TheDiceHaggler2021,0.392403309,0.345483079,1.272831866,agreement,0.553553554,0.108685047
domain37,AlphaBIU,0,AortaBoa,0,0,0,failed,1.127338302,0.90810982
domain37,AlphaBIU,0,POMPFANAgent,0,0,0,failed,1.127338302,0.90810982
domain37,AlphaBIU,0,GamblerAgent,0,0,0,failed,1.127338302,0.90810982
domain37,AlphaBIU,0.882833862,AgentFO,0.545287275,0.481398071,1.428121137,agreement,0.417142818,0.004779341
domain38,AlphaBIU,0.86825174,MatrixAlienAgent,0.523585279,0.454603829,1.391837019,agreement,0,0
domain38,AlphaBIU,0.779458796,TripleAgent,0.14236542,0.110967979,0.921824216,agreement,0.391424026,0.207733423
domain38,AlphaBIU,0.960337974,TheDiceHaggler2021,0.244521664,0.234823439,1.204859638,agreement,0.293864554,0
domain38,AlphaBIU,0,AortaBoa,0,0,0,failed,1.013904644,0.641664307
domain38,AlphaBIU,0,POMPFANAgent,0,0,0,failed,1.013904644,0.641664307
domain38,AlphaBIU,0,GamblerAgent,0,0,0,failed,1.013904644,0.641664307
domain38,AlphaBIU,0.875989009,AgentFO,0.495349932,0.433921096,1.371338941,agreement,0.029276273,5.55E-17
domain39,AlphaBIU,0.803274409,MatrixAlienAgent,0.583674838,0.46885106,1.386949247,agreement,0.197277799,0
domain39,AlphaBIU,0.803274409,TripleAgent,0.583674838,0.46885106,1.386949247,agreement,0.197277799,0
domain39,AlphaBIU,1,TheDiceHaggler2021,0.388129112,0.388129112,1.388129112,agreement,0.47382735,5.55E-17
domain39,AlphaBIU,0,AortaBoa,0,0,0,failed,1.004566125,0.905514377
domain39,AlphaBIU,0,POMPFANAgent,0,0,0,failed,1.004566125,0.905514377
domain39,AlphaBIU,0,GamblerAgent,0,0,0,failed,1.004566125,0.905514377
domain39,AlphaBIU,0.966906356,AgentFO,0.445824752,0.431070786,1.412731108,agreement,0.409137912,0
domain40,AlphaBIU,0.777652421,MatrixAlienAgent,0.884720731,0.688005218,1.662373152,agreement,0.077305277,1.11E-16
domain40,AlphaBIU,0.899405031,TripleAgent,0.775182165,0.697202739,1.674587195,agreement,0.091039451,1.57E-16
domain40,AlphaBIU,0.995750375,TheDiceHaggler2021,0.415882899,0.414115552,1.411633273,agreement,0.458284836,0.005079511
domain40,AlphaBIU,0,AortaBoa,0,0,0,failed,1.198805358,1.084103633
domain40,AlphaBIU,0,POMPFANAgent,0,0,0,failed,1.198805358,1.084103633
domain40,AlphaBIU,0.825534458,GamblerAgent,0.845732458,0.698181286,1.671266916,agreement,0.021000369,0.021000369
domain40,AlphaBIU,0.896283101,AgentFO,0.733275534,0.65722247,1.629558635,agreement,0.126165413,0.009535995
domain41,AlphaBIU,0.775165142,MatrixAlienAgent,0.549053714,0.4256073,1.324218856,agreement,0.452006114,0.083469699
domain41,AlphaBIU,0.799964759,TripleAgent,0.705077367,0.564037046,1.505042126,agreement,0.319566798,1.11E-16
domain41,AlphaBIU,0.920535192,TheDiceHaggler2021,0.082300882,0.075760859,1.002836075,agreement,0.940851971,0.073856873
domain41,AlphaBIU,0,AortaBoa,0,0,0,failed,1.166732869,0.965678255
domain41,AlphaBIU,0,POMPFANAgent,0,0,0,failed,1.166732869,0.965678255
domain41,AlphaBIU,0,GamblerAgent,0,0,0,failed,1.166732869,0.965678255
domain41,AlphaBIU,0.852192118,AgentFO,0.51689729,0.440495797,1.369089408,agreement,0.510396109,1.11E-16
domain42,AlphaBIU,0.74347746,MatrixAlienAgent,0.789533565,0.587000409,1.533011024,agreement,0.114969837,1.11E-16
domain42,AlphaBIU,0.818909807,TripleAgent,0.771305676,0.631629782,1.590215483,agreement,0.161171372,0
domain42,AlphaBIU,0.932191699,TheDiceHaggler2021,0.536772848,0.500375193,1.468964547,agreement,0.420321253,0
domain42,AlphaBIU,0,AortaBoa,0,0,0,failed,1.159009909,1.042287568
domain42,AlphaBIU,0,POMPFANAgent,0,0,0,failed,1.159009909,1.042287568
domain42,AlphaBIU,0.818909807,GamblerAgent,0.771305676,0.631629782,1.590215483,agreement,0.161171372,0
domain42,AlphaBIU,0.932191699,AgentFO,0.536772848,0.500375193,1.468964547,agreement,0.420321253,0
domain43,AlphaBIU,0.804798283,MatrixAlienAgent,0.500967747,0.403177983,1.30576603,agreement,0.447966265,0
domain43,AlphaBIU,1,TripleAgent,0.199124485,0.199124485,1.199124485,agreement,0.807336275,0
domain43,AlphaBIU,0.902937714,TheDiceHaggler2021,0.12808817,0.11565564,1.031025884,agreement,0.825067156,0.120279863
domain43,AlphaBIU,0.87779865,AortaBoa,0.092357836,0.081071584,0.970156487,agreement,0.84858879,0.162272262
domain43,AlphaBIU,0,POMPFANAgent,0,0,0,failed,1.053802111,0.940761761
domain43,AlphaBIU,0,GamblerAgent,0,0,0,failed,1.053802111,0.940761761
domain43,AlphaBIU,0.894291159,AgentFO,0.401722248,0.359256655,1.296013407,agreement,0.579744802,1.11E-16
domain44,AlphaBIU,0.849647785,MatrixAlienAgent,0.768157937,0.652663689,1.617805721,agreement,1.57E-16,1.57E-16
domain44,AlphaBIU,0.849647785,TripleAgent,0.768157937,0.652663689,1.617805721,agreement,1.57E-16,1.57E-16
domain44,AlphaBIU,0.892336017,TheDiceHaggler2021,0.174727952,0.155916045,1.067063969,agreement,0.594963387,0.087587878
domain44,AlphaBIU,0,AortaBoa,0,0,0,failed,1.145411705,0.947822814
domain44,AlphaBIU,0,POMPFANAgent,0,0,0,failed,1.145411705,0.947822814
domain44,AlphaBIU,0.758073492,GamblerAgent,0.832274877,0.630925523,1.590348369,agreement,0.111789235,1.11E-16
domain44,AlphaBIU,0.88479278,AgentFO,0.659734682,0.583728483,1.544527462,agreement,0.113977072,0.026464098
domain45,AlphaBIU,0.96868637,MatrixAlienAgent,0.795545055,0.770633652,1.764231425,agreement,0,0
domain45,AlphaBIU,0.96868637,TripleAgent,0.795545055,0.770633652,1.764231425,agreement,0,0
domain45,AlphaBIU,0.950378431,TheDiceHaggler2021,0.779448234,0.740770789,1.729826665,agreement,0.024378029,0.024378029
domain45,AlphaBIU,1,AortaBoa,0.737689804,0.737689804,1.737689804,agreement,0.065785816,1.11E-16
domain45,AlphaBIU,0,POMPFANAgent,0,0,0,failed,1.253493206,1.070197102
domain45,AlphaBIU,0.96868637,GamblerAgent,0.795545055,0.770633652,1.764231425,agreement,0,0
domain45,AlphaBIU,0.96868637,AgentFO,0.795545055,0.770633652,1.764231425,agreement,0,0
domain46,AlphaBIU,0.980706595,MatrixAlienAgent,0.931771005,0.91379397,1.9124776,agreement,0.015504628,1.11E-16
domain46,AlphaBIU,0.987285583,TripleAgent,0.928697726,0.916889876,1.915983309,agreement,0.008418818,1.11E-16
domain46,AlphaBIU,0.979986534,TheDiceHaggler2021,0.927728547,0.909161483,1.907715081,agreement,0.015640462,0.004106088
domain46,AlphaBIU,0.985080603,AortaBoa,0.890707461,0.877418643,1.875788064,agreement,0.038323375,0.015504628
domain46,AlphaBIU,0,POMPFANAgent,0,0,0,failed,1.360743442,1.17918451
domain46,AlphaBIU,0.980706595,GamblerAgent,0.931771005,0.91379397,1.9124776,agreement,0.015504628,1.11E-16
domain46,AlphaBIU,0.980706595,AgentFO,0.931771005,0.91379397,1.9124776,agreement,0.015504628,1.11E-16
domain47,AlphaBIU,0.980532619,MatrixAlienAgent,0.932550451,0.914396136,1.91308307,agreement,1.57E-16,1.57E-16
domain47,AlphaBIU,0.980532619,TripleAgent,0.932550451,0.914396136,1.91308307,agreement,1.57E-16,1.57E-16
domain47,AlphaBIU,0.980532619,TheDiceHaggler2021,0.932550451,0.914396136,1.91308307,agreement,1.57E-16,1.57E-16
domain47,AlphaBIU,1,AortaBoa,0.906625028,0.906625028,1.906625028,agreement,0.032420772,1.11E-16
domain47,AlphaBIU,0,POMPFANAgent,0,0,0,failed,1.353179426,1.295019627
domain47,AlphaBIU,1,GamblerAgent,0.906625028,0.906625028,1.906625028,agreement,0.032420772,1.11E-16
domain47,AlphaBIU,0.980532619,AgentFO,0.932550451,0.914396136,1.91308307,agreement,1.57E-16,1.57E-16
domain48,AlphaBIU,0.960232983,MatrixAlienAgent,0.898017344,0.862305873,1.858250327,agreement,1.11E-16,1.11E-16
domain48,AlphaBIU,0.960232983,TripleAgent,0.898017344,0.862305873,1.858250327,agreement,1.11E-16,1.11E-16
domain48,AlphaBIU,0.967668564,TheDiceHaggler2021,0.315474985,0.305275226,1.28314355,agreement,0.582589811,0.058910489
domain48,AlphaBIU,0.955364889,AortaBoa,0.814006646,0.777673369,1.769371535,agreement,0.084151623,0.021634782
domain48,AlphaBIU,0,POMPFANAgent,0,0,0,failed,1.314717662,1.064434623
domain48,AlphaBIU,0.974214285,GamblerAgent,0.861515313,0.839300525,1.835729599,agreement,0.039088042,1.57E-16
domain48,AlphaBIU,0.974214285,AgentFO,0.861515313,0.839300525,1.835729599,agreement,0.039088042,1.57E-16
domain49,AlphaBIU,0.801115395,MatrixAlienAgent,0.981370482,0.786191001,1.782485877,agreement,1.11E-16,1.11E-16
domain49,AlphaBIU,0.891796305,TripleAgent,0.880224111,0.78498061,1.772020416,agreement,0.135844087,1.11E-16
domain49,AlphaBIU,0.98064535,TheDiceHaggler2021,0.609763364,0.597961608,1.590408714,agreement,0.412701897,1.57E-16
domain49,AlphaBIU,0,AortaBoa,0,0,0,failed,1.266836177,1.058327056
domain49,AlphaBIU,0,POMPFANAgent,0,0,0,failed,1.266836177,1.058327056
domain49,AlphaBIU,0.801115395,GamblerAgent,0.981370482,0.786191001,1.782485877,agreement,1.11E-16,1.11E-16
domain49,AlphaBIU,0.936354957,AgentFO,0.51540106,0.482598338,1.451756017,agreement,0.485198146,0.104239548
